"977","https://srmcn.lenovo.com","获取失败","获取失败","获取失败","403","127.0.0.1","2020年9月24日 11:25"
"976","https://b2bservice.lenovo.com","获取失败","获取失败","获取失败","403","127.0.0.1","2020年9月24日 11:20"
"974","https://gw.lenovo.com.cn","联想服务网关","nginx","获取失败","200","43.255.226.57","2020年9月24日 08:14"
"972","https://vs.lenovo.com.cn","联想微视频服务专区","nginx","获取失败","200","43.255.226.57","2020年9月24日 08:09"
"970","http://js1cdn.clubstatic.lenovo.com.cn","403 Forbidden","nginx/1.8.0","获取失败","403","183.220.150.152","2020年9月24日 07:48"
"969","http://pcjs1.clubstatic.lenovo.com.cn","Lenovo Static Resource Server 1","nginx","获取失败","200","117.174.177.114","2020年9月24日 07:48"
"968","https://bllcct005.lenovo.com","获取失败","获取失败","获取失败","403","127.0.0.1","2020年9月24日 07:43"
"966","https://www.aiot.lenovo.com.cn:9000","精灵谷-工业互联网评估","nginx/1.16.1","获取失败","200","139.217.113.254","2020年9月24日 07:37"
"965","https://ssmapi.gcc.lenovo.com.cn","获取失败","获取失败","获取失败","200","47.95.72.195","2020年9月24日 07:29"
"962","https://msupport.lenovo.com.cn","联想服务","nginx","获取失败","200","43.255.226.57","2020年9月24日 07:15"
"961","https://app.scrm.lenovo.com.cn","获取失败","获取失败","获取失败","200","59.110.145.113","2020年9月24日 07:12"
"958","https://static.scrm.lenovo.com.cn","403 Forbidden","获取失败","获取失败","403","59.110.145.113","2020年9月24日 07:12"
"957","http://upload.pre.wx.lenovo.com.cn","获取失败","AliyunOSS","获取失败","403","118.31.219.193","2020年9月24日 07:11"
"956","http://static.pre.wx.lenovo.com.cn","Document","Tengine","获取失败","200","112.19.0.213","2020年9月24日 07:11"
"944","http://mail.mia.lenovo.com.cn","联想定制机","nginx/1.11.6","ThinkPHP","200","121.199.72.218","2020年9月24日 06:49"
"941","https://funweb.vgs.lenovo.com.cn","联想视频-官方出品高清流畅","获取失败","获取失败","200","47.95.178.31","2020年9月24日 06:48"
"940","http://imagecdn.vgs.lenovo.com.cn","获取失败","JSP3/2.0.14","获取失败","403","183.220.151.41","2020年9月24日 06:47"
"938","https://chinabp.lenovo.com","Lenovo Partner Portal—Lenovo China","nginx","获取失败","200","43.255.226.176","2020年9月24日 06:32"
"937","https://chinabp.lenovo.comhttp","获取失败","获取失败","获取失败","403","127.0.0.1","2020年9月24日 06:32"
"936","https://uat-isa.bj.lenovo.com","SAP NetWeaver Application Server Java","SAP NetWeaver Application Server 7.49 / AS Java 7.40","获取失败","200","43.255.226.218","2020年9月24日 06:32"
"910","https://user.lenovo.com.cn","获取失败","nginx","PHP/5.6.40","200","43.255.226.57","2020年9月24日 04:55"
"909","http://3g.mbgstore.lenovo.com.cn","获取失败","获取失败","Next.js 7.0.3","200","123.125.16.144","2020年9月24日 04:39"
"908","http://jzhadmin.lenovo.com.cn","403 Forbidden","nginx","获取失败","403","39.106.202.38","2020年9月24日 04:38"
"907","http://srv.shop.lenovo.com.cn","资源未找到","Tengine","获取失败","404","43.255.225.247","2020年9月24日 04:38"
"906","http://pr3-paydev.mbgcdn.lenovo.com.cn","404 Not Found","获取失败","获取失败","404","39.96.27.110","2020年9月24日 04:38"
"905","http://csr.lenovo.com.cn","Not Found","Microsoft-HTTPAPI/2.0","获取失败","404","123.125.148.47","2020年9月24日 04:38"
"904","http://pim.mbgstore.lenovo.com.cn","获取失败","获取失败","获取失败","200","39.102.42.211","2020年9月24日 04:37"
"903","http://pr3-vb.mbgcdn.lenovo.com.cn","404 Not Found","获取失败","获取失败","404","39.96.27.110","2020年9月24日 04:37"
"902","http://vs.lenovo.com.cn","联想微视频服务专区","nginx","获取失败","200","43.255.226.57","2020年9月24日 04:37"
"901","http://lms.lenovo.com.cn","403 - Forbidden: Access is denied.","Microsoft-IIS/7.5","ASP.NET","403","43.255.226.157","2020年9月24日 04:37"
"900","http://lt.mbgcdn.lenovo.com.cn","403 Forbidden","获取失败","获取失败","403","39.96.145.252","2020年9月24日 04:37"
"899","https://kabbms.lenovo.com.cn","微信日报","Microsoft-IIS/10.0","获取失败","200","43.255.227.23","2020年9月24日 04:37"
"898","http://ess.lenovo.com.cn","ESS","Microsoft-IIS/10.0","ASP.NET","200","43.255.226.122","2020年9月24日 04:36"
"897","http://smartservice.lenovo.com.cn","注册联想臻保卡","nginx","获取失败","200","47.99.127.164","2020年9月24日 04:36"
"896","https://exam-dcgbp.lenovo.com.cn","403 - 禁止访问: 访问被拒绝。","nginx","ASP.NET","403","146.196.114.180","2020年9月24日 04:36"
"895","http://care.lenovo.com.cn","联想服务与支持","Microsoft-IIS/10.0","ASP.NET","200","43.255.226.120","2020年9月24日 04:35"
"894","http://test.wwx.lenovo.com.cn","联想IT服务","nginx/1.16.1","获取失败","200","47.96.224.254","2020年9月24日 04:35"
"893","http://c.lenovo.com.cn","联想商城 - 页面没有找到","waf/4.23.1-3.el6","获取失败","404","117.174.176.252","2020年9月24日 04:35"
"892","http://servicekbuat.lenovo.com.cn","找不到位于 http://servicekbuat.lenovo.com.cn/ 的 Web 应用程序。请确认正确键入了此 URL。如果此 URL 需要提供现有内容，则系统管理员可能需要添加到指定应用程序的新请求 URL 映射。","openresty","ASP.NET","500","146.196.114.5","2020年9月24日 04:35"
"891","http://lesee.lenovo.com.cn","Lesee管理系统","nginx/1.8.0","获取失败","200","114.113.233.137","2020年9月24日 04:33"
"890","http://ssmapi.gcc.lenovo.com.cn","获取失败","获取失败","获取失败","200","47.95.72.195","2020年9月24日 04:33"
"889","http://mall.club.lenovo.com.cn","联想积分乐园-联想社区","nginx/1.12.2","PHP/5.6.32","200","42.159.28.67","2020年9月24日 04:33"
"888","http://csapi.lenovo.com.cn","Lenovo","Microsoft-IIS/10.0","ASP.NET","200","43.255.226.122","2020年9月24日 04:32"
"887","http://file.design.lenovo.com.cn","获取失败","Tengine","获取失败","404","183.232.151.213","2020年9月24日 04:32"
"886","https://sdi.lenovo.com.cn:84","获取失败","Microsoft-IIS/8.5","ASP.NET","200","43.255.226.133","2020年9月24日 04:32"
"885","http://funtv.vgs.lenovo.com.cn","导航页游戏模块","获取失败","获取失败","200","47.95.178.31","2020年9月24日 04:32"
"884","http://jzhedm.lenovo.com.cn","活动已关闭","获取失败","获取失败","200","114.55.207.178","2020年9月24日 04:32"
"883","http://17shop.lenovo.com.cn","502 Bad Gateway","nginx/1.6.2","获取失败","502","43.255.226.75","2020年9月24日 04:32"
"882","http://srmtest.lenovo.com.cn","Logon - Welcome To Lenovo Supplier Self-Service","获取失败","获取失败","200","43.255.226.184","2020年9月24日 04:32"
"881","http://chuangyi.lenovo.com.cn","联想短网址","lenovoshoturl1","获取失败","200","43.255.226.20","2020年9月24日 04:32"
"880","http://gcc.lenovo.com.cn","获取失败","获取失败","获取失败","200","47.95.72.195","2020年9月24日 04:31"
"879","http://www.ms.lenovo.com.cn","获取失败","nginx","获取失败","200","123.125.148.46","2020年9月24日 04:31"
"878","http://pcsdgslb1.lenovo.com.cn","获取失败","获取失败","获取失败","200","39.106.232.147","2020年9月24日 04:31"
"877","http://fans.lenovo.com.cn","404 Not Found","nginx","获取失败","404","42.159.96.48","2020年9月24日 04:30"
"876","https://smarthome.lenovo.com.cn","联想SIoT开发平台—首页","获取失败","获取失败","200","47.95.69.85","2020年9月24日 04:30"
"875","http://pcsdgslb2.lenovo.com.cn","403 Forbidden","获取失败","获取失败","403","59.110.148.212","2020年9月24日 04:30"
"874","http://myaiot.lenovo.com.cn","精灵谷-产业智联云平台","nginx/1.16.1","获取失败","200","40.73.34.232","2020年9月24日 04:30"
"873","http://driver.mbgcdn.lenovo.com.cn","403 Forbidden","获取失败","获取失败","403","39.96.145.252","2020年9月24日 04:29"
"872","http://ec3.lenovo.com.cn","503 Service Temporarily Unavailable","获取失败","获取失败","503","42.121.254.38","2020年9月24日 04:29"
"871","http://pr1-gtbpagemb.mbgcdn.lenovo.com.cn","获取失败","获取失败","获取失败","200","182.92.74.21","2020年9月24日 04:29"
"870","http://qas-pic.btr.lenovo.com.cn","Welcome to nginx!","nginx","获取失败","200","146.196.114.171","2020年9月24日 04:29"
"869","https://slb-browser-traffic.mbgcdn.lenovo.com.cn","获取失败","获取失败","获取失败","200","39.96.108.188","2020年9月24日 04:28"
"868","https://ip.lenovo.com.cn","502 Bad Gateway","获取失败","获取失败","502","39.107.222.167","2020年9月24日 04:28"
"867","https://skynet.lenovo.com.cn","登录-智云管理系统","Apache-Coyote/1.1","获取失败","200","43.255.226.57","2020年9月24日 04:28"
"866","http://ms.lenovo.com.cn","获取失败","nginx","获取失败","200","123.125.148.46","2020年9月24日 04:27"
"865","http://smart.lenovo.com.cn","502 Bad Gateway","获取失败","获取失败","502","47.95.71.249","2020年9月24日 04:27"
"864","https://ssm-admin.gcc.lenovo.com.cn","vue-element-admin","Tengine","获取失败","200","112.19.0.214","2020年9月24日 04:27"
"863","http://pic.btr.lenovo.com.cn","502 Bad Gateway","nginx/1.6.2","获取失败","502","43.255.226.68","2020年9月24日 04:27"
"862","http://lccrm.lenovo.com.cn","登录","获取失败","获取失败","200","43.255.226.17","2020年9月24日 04:27"
"861","https://priv-update.lenovo.com.cn","获取失败","Tengine","获取失败","403","112.45.115.118","2020年9月24日 04:26"
"860","http://api.lenovo.com.cn","获取失败","nginx","获取失败","200","43.255.226.57","2020年9月24日 04:26"
"859","http://openlenovo.mbgstore.lenovo.com.cn","获取失败","获取失败","获取失败","200","39.103.35.140","2020年9月24日 04:25"
"858","http://static.dd.lenovo.com.cn","获取失败","Tengine","获取失败","403","112.19.0.215","2020年9月24日 04:25"
"857","http://yggj.lenovo.com.cn","系统切换迁移公告","Microsoft-IIS/7.0","ASP.NET","200","146.196.114.97","2020年9月24日 04:24"
"856","http://jingyinghuixcx.lenovo.com.cn","503 Service Temporarily Unavailable","nginx","获取失败","503","47.92.84.12","2020年9月24日 04:24"
"855","https://ssm-static.gcc.lenovo.com.cn","获取失败","Tengine","获取失败","403","112.19.0.234","2020年9月24日 04:24"
"854","http://dlx.lenovo.com.cn","系统切换迁移公告","Microsoft-IIS/7.0","ASP.NET","200","146.196.114.97","2020年9月24日 04:24"
"853","http://storefront.lenovo.com.cn","店面建设管理系统","Microsoft-IIS/8.5","ASP.NET","200","43.255.226.197","2020年9月24日 04:24"
"852","https://supportuat.lenovo.com.cn","联想服务与支持","Microsoft-IIS/10.0","ASP.NET","200","146.196.114.7","2020年9月24日 04:23"
"851","http://dsp.mbgcdn.lenovo.com.cn","获取失败","获取失败","获取失败","200","39.103.13.33","2020年9月24日 04:23"
"850","http://epack.lenovo.com.cn","获取失败","Microsoft-IIS/10.0","ASP.NET","200","43.255.226.135","2020年9月24日 04:23"
"849","http://info.lenovo.com.cn","403 - 禁止访问: 访问被拒绝。","Microsoft-IIS/8.5","ASP.NET","403","43.255.226.106","2020年9月24日 04:23"
"848","http://pr3-yx.mbgcdn.lenovo.com.cn","404 Not Found","获取失败","获取失败","404","39.96.27.110","2020年9月24日 04:23"
"847","http://its.lenovo.com.cn","联想服务与支持","Microsoft-IIS/10.0","ASP.NET","200","43.255.226.120","2020年9月24日 04:22"
"846","http://api.staff.lenovo.com.cn","Laravel","nginx","获取失败","200","40.73.37.73","2020年9月24日 04:22"
"845","http://pr1-gtbmbmm.mbgcdn.lenovo.com.cn","获取失败","获取失败","获取失败","200","182.92.74.21","2020年9月24日 04:22"
"844","http://ams.mbgstore.lenovo.com.cn","Welcome to nginx!","StoreFEC","获取失败","200","123.125.16.155","2020年9月24日 04:22"
"843","https://epackuat.lenovo.com.cn:443","获取失败","Microsoft-IIS/10.0","ASP.NET","200","146.196.114.3","2020年9月24日 04:21"
"842","http://yhq.lenovo.com.cn","获取失败","nginx/1.16.1","Jetty","404","221.122.108.125","2020年9月24日 04:21"
"841","http://msupport.lenovo.com.cn","联想服务","nginx","获取失败","200","43.255.226.57","2020年9月24日 04:21"
"840","http://download2.lenovo.com.cn","403 - 禁止访问: 访问被拒绝。","Microsoft-IIS/8.5","获取失败","403","43.255.226.177","2020年9月24日 04:20"
"839","http://services.lenovo.com.cn","联想服务与支持","Microsoft-IIS/10.0","ASP.NET","200","43.255.226.120","2020年9月24日 04:20"
"838","https://visitor.lenovo.com.cn","获取失败","Apache-Coyote/1.1","获取失败","404","118.144.76.26","2020年9月24日 04:19"
"837","https://scrm.lenovo.com.cn","SCRM营销自动化软件","获取失败","获取失败","200","59.110.145.113","2020年9月24日 04:19"
"836","https://pre.wx.lenovo.com.cn","403 Forbidden","nginx","获取失败","403","47.98.38.232","2020年9月24日 04:19"
"835","https://hi.lenovo.com.cn","联想网址导航-安全浏览、极速体验","获取失败","获取失败","200","39.96.108.188","2020年9月24日 04:18"
"834","https://ampnew.mbgstore.lenovo.com.cn","获取失败","获取失败","Next.js 7.0.3","200","123.125.16.154","2020年9月24日 04:18"
"833","http://sams.mbgstore.lenovo.com.cn","Welcome to nginx!","StoreFEC","获取失败","200","123.125.16.155","2020年9月24日 04:18"
"832","http://sdi.lenovo.com.cn","","Microsoft-IIS/8.5","ASP.NET","200","43.255.226.133","2020年9月24日 04:18"
"831","https://dianpinguat.lenovo.com.cn","联想服务点评","Microsoft-IIS/10.0","ASP.NET","200","146.196.114.7","2020年9月24日 04:17"
"830","https://amp.mbgstore.lenovo.com.cn","获取失败","获取失败","Next.js 7.0.3","200","123.125.16.154","2020年9月24日 04:17"
"829","http://legou.lenovo.com.cn","403 Forbidden","获取失败","获取失败","403","60.205.234.210","2020年9月24日 04:17"
"828","http://gamecent.vgs.lenovo.com.cn","游戏中心","获取失败","获取失败","200","47.95.178.31","2020年9月24日 04:17"
"827","http://pic.17.lenovo.com.cn","Welcome to nginx!","nginx/1.6.2","获取失败","200","43.255.226.75","2020年9月24日 04:17"
"826","http://jingyinghui.lenovo.com.cn","503 Service Temporarily Unavailable","nginx","获取失败","503","47.92.84.12","2020年9月24日 04:16"
"825","http://act.mbgstore.lenovo.com.cn","403 Forbidden","Tengine","获取失败","403","123.125.16.146","2020年9月24日 04:16"
"824","https://ebpcn.lenovo.com.cn","Logon","获取失败","获取失败","200","43.255.226.182","2020年9月24日 04:16"
"823","http://wen.lenovo.com.cn","Lenovo","Microsoft-IIS/10.0","ASP.NET","200","43.255.226.122","2020年9月24日 04:16"
"822","http://hot.lenovo.com.cn","联想服务与支持","Microsoft-IIS/10.0","ASP.NET","200","43.255.226.120","2020年9月24日 04:15"
"821","http://pscm.lenovo.com.cn","","Microsoft-IIS/7.5","ASP.NET","200","43.255.226.125","2020年9月24日 04:15"
"820","http://ppt.lenovo.com.cn","联想商务演示_商务PPT_创意PPT_动态PPT","openresty/1.9.3.1","获取失败","200","43.255.226.109","2020年9月24日 04:15"
"819","https://www-fm365.mbgcdn.lenovo.com.cn","获取失败","获取失败","Next.js 7.0.3","200","223.202.25.164","2020年9月24日 04:15"
"818","http://shipin.lenovo.com.cn","联想视频-官方出品高清流畅","openresty","获取失败","200","47.95.65.78","2020年9月24日 04:14"
"817","https://suoping.lenovo.com","获取失败","获取失败","获取失败","403","127.0.0.1","2020年9月24日 04:14"
"816","http://infosmart.lenovo.com.cn","Welcome to InfoSmart","nginx","获取失败","200","43.255.226.159","2020年9月24日 04:14"
"815","http://moddev.mbgstore.lenovo.com.cn","Moto Mods开发者官网(中国)","Tengine/2.1.1","Servlet 2.5; JBoss-5.0/JBossWeb-2.1","200","123.125.16.157","2020年9月24日 04:14"
"814","http://pr1-gtbhao.mbgcdn.lenovo.com.cn","获取失败","获取失败","获取失败","200","182.92.74.21","2020年9月24日 04:14"
"813","http://pcsdshop.lenovo.com.cn","403 Forbidden","获取失败","获取失败","403","60.205.234.210","2020年9月24日 04:13"
"812","https://privstatic.lenovo.com.cn","获取失败","Tengine","获取失败","403","117.174.128.223","2020年9月24日 04:13"
"811","http://salesclub.lenovo.com.cn","系统切换迁移公告","Microsoft-IIS/7.0","ASP.NET","200","146.196.114.97","2020年9月24日 04:13"
"810","http://edu.lenovo.com.cn","联想教育-中国职业院校可靠校企合作伙伴","nginx/1.8.0","ThinkPHP","200","43.255.224.219","2020年9月24日 04:12"
"809","http://vgs.lenovo.com.cn","Welcome to OpenResty!","openresty","获取失败","200","47.95.65.78","2020年9月24日 04:12"
"808","https://artifacts-cn.lenovo.com.cn","","Artifactory/6.13.1","获取失败","200","43.255.227.12","2020年9月24日 04:12"
"807","http://jzh.lenovo.com.cn","500 Internal Server Error","nginx","获取失败","500","39.106.201.95","2020年9月24日 04:12"
"806","http://mia.lenovo.com.cn","联想定制机","nginx/1.11.6","ThinkPHP","200","121.199.72.218","2020年9月24日 04:11"
"805","http://funweb.vgs.lenovo.com.cn","联想视频-官方出品高清流畅","获取失败","获取失败","200","47.95.178.31","2020年9月24日 04:11"
"804","http://open.mbgstore.lenovo.com.cn","联想开放平台","StoreFEC","Servlet 2.5; JBoss-5.0/JBossWeb-2.1","200","123.125.16.160","2020年9月24日 04:11"
"803","http://privilege.lenovo.com.cn","403 Forbidden","获取失败","获取失败","403","112.19.12.4","2020年9月24日 04:11"
"802","http://author-assets.lenovo.com.cn","获取失败","获取失败","获取失败","503","54.223.214.209","2020年9月24日 04:11"
"801","http://order.lenovo.com.cn","502 Bad Gateway","waf/4.23.1-3.el6","获取失败","502","117.174.176.252","2020年9月24日 04:11"
"800","http://gw.lenovo.com.cn","联想服务网关","nginx","获取失败","200","43.255.226.57","2020年9月24日 04:10"
"799","http://ting.lenovo.com.cn","联想倾听","Tengine","ThinkPHP","200","43.255.226.122","2020年9月24日 04:10"
"798","http://static.test.dd.lenovo.com.cn","获取失败","Tengine","获取失败","403","112.19.0.202","2020年9月24日 04:10"
"797","https://thinkuat.lenovo.com.cn","联想服务与支持","Microsoft-IIS/10.0","ASP.NET","200","146.196.114.7","2020年9月24日 04:09"
"796","https://cloud.lenovo.com.cn","登录 - Lenovo OpenStack","Apache","获取失败","200","114.113.233.222","2020年9月24日 04:09"
"795","http://tsonline.lenovo.com.cn","403 Forbidden","nginx","获取失败","403","43.255.226.129","2020年9月24日 04:09"
"794","http://zui.mbgstore.lenovo.com.cn","ZUI官方网站-简单 ZUI好看","nginx/1.6.3","获取失败","200","123.125.16.145","2020年9月24日 04:09"
"793","https://sdiuat.lenovo.com.cn:8042","获取失败","Microsoft-IIS/10.0","ASP.NET","200","146.196.114.3","2020年9月24日 04:09"
"792","https://boxqa.lenovo.com.cn","502 Bad Gateway","nginx","获取失败","502","139.199.135.31","2020年9月24日 04:08"
"791","http://pr3-vbmm.mbgcdn.lenovo.com.cn","404 Not Found","获取失败","获取失败","404","39.96.27.110","2020年9月24日 04:08"
"790","https://pvtruler.lenovo.com.cn","503 Service Temporarily Unavailable","获取失败","获取失败","503","39.106.233.54","2020年9月24日 04:08"
"789","http://scanmsg.lenovo.com.cn","获取失败","nginx","PHP/7.2.16","200","43.255.226.57","2020年9月24日 04:07"
"788","http://wowtest.lenovo.com.cn","服务无忧","获取失败","获取失败","200","43.255.224.90","2020年9月24日 04:07"
"787","http://clk.mbgcdn.lenovo.com.cn","获取失败","获取失败","获取失败","200","39.103.13.33","2020年9月24日 04:07"
"786","http://sdibak.lenovo.com.cn:81","获取失败","Microsoft-IIS/8.5","ASP.NET","200","43.255.226.134","2020年9月24日 04:07"
"785","http://ytsccj.lenovo.com.cn","","Tengine","获取失败","200","120.240.43.241","2020年9月24日 04:06"
"784","http://xfdlx.lenovo.com.cn","系统切换迁移公告","Microsoft-IIS/7.0","ASP.NET","200","146.196.114.97","2020年9月24日 04:06"
"783","https://server.lenovo.com.cn","获取失败","Microsoft-IIS/10.0","ASP.NET","200","43.255.226.120","2020年9月24日 04:05"
"782","https://zhi.lenovo.com.cn","获取失败","Apache","获取失败","200","115.29.212.222","2020年9月24日 04:05"
"781","https://tst-crmcn.lenovo.com.cn","SAP&amp;#x20;NetWeaver&amp;#x20;Portal","SAP NetWeaver Application Server 7.49 / AS Java 7.50","获取失败","200","43.255.226.16","2020年9月24日 04:05"
"780","http://search.lenovo.com.cn","502 Bad Gateway","nginx","获取失败","502","117.174.176.252","2020年9月24日 04:05"
"779","http://pscm6.lenovo.com.cn","","Microsoft-IIS/7.5","ASP.NET","200","43.255.226.148","2020年9月24日 04:04"
"778","http://pr1-gtbnewsmb.mbgcdn.lenovo.com.cn","获取失败","获取失败","获取失败","200","182.92.74.21","2020年9月24日 04:04"
"777","http://jzhcs.lenovo.com.cn","403 Forbidden","nginx/1.16.1","获取失败","403","39.106.164.78","2020年9月24日 04:04"
"776","https://jzhfile.lenovo.com.cn","403 Forbidden","nginx","获取失败","403","43.255.227.10","2020年9月24日 04:04"
"775","https://videoservice.lenovo.com","获取失败","获取失败","获取失败","403","127.0.0.1","2020年9月24日 03:51"
"679","https://talent.lenovo.com","获取失败","获取失败","获取失败","403","127.0.0.1","2020年9月24日 02:10"
"670","https://img1cdn.clubstatic.lenovo.com.cn","403 Forbidden","nginx/1.8.0","获取失败","403","183.220.150.152","2020年9月24日 01:38"
"658","https://open.vgs.lenovo.com","获取失败","获取失败","获取失败","403","127.0.0.1","2020年9月23日 23:07"
"656","https://static.test.wx.lenovo.com.cn","Document","Tengine","获取失败","200","112.19.0.205","2020年9月23日 22:56"
"652","http://eimage.lenovo.com.cn","获取失败","Tengine","获取失败","404","183.240.224.12","2020年9月23日 22:53"
"649","https://mdcg.lenovo.com","获取失败","获取失败","获取失败","403","127.0.0.1","2020年9月23日 22:48"
"647","http://upload.test.wx.lenovo.com.cn","获取失败","AliyunOSS","获取失败","403","47.110.177.14","2020年9月23日 22:43"
"646","http://static.test.wx.lenovo.com.cn","Document","Tengine","获取失败","200","112.19.0.205","2020年9月23日 22:43"
"645","https://survey.lenovo.com.cn","联想用户调研平台 加载中","nginx","获取失败","200","43.255.226.122","2020年9月23日 22:40"
"644","https://smartdl.lenovo.com","获取失败","获取失败","获取失败","403","127.0.0.1","2020年9月23日 22:40"
"642","http://survey.lenovo.com.cn","联想用户调研平台 加载中","nginx","获取失败","200","43.255.226.122","2020年9月23日 22:37"
"640","https://imagecdn.vgs.lenovo.com.cn","获取失败","JSP3/2.0.14","获取失败","403","223.85.23.41","2020年9月23日 22:28"
"637","https://cube.lenovo.com","联想智慧客服魔方","openresty/1.15.8.2","获取失败","200","43.255.226.110","2020年9月23日 22:14"
"636","https://dibg.lenovo.com","DIBG业务管理系统","nginx","获取失败","200","223.202.108.66","2020年9月23日 22:14"
"630","https://privacy.lenovo.com","获取失败","获取失败","获取失败","403","127.0.0.1","2020年9月23日 22:13"
"629","https://pic.shop.lenovo.com","获取失败","获取失败","获取失败","403","127.0.0.1","2020年9月23日 22:13"
"627","https://csapitest.lenovo.com.cn","获取失败","kong/0.14.1","获取失败","404","43.255.224.90","2020年9月23日 22:04"
"608","http://appdl.lenovo.com.cn","获取失败","Tengine","获取失败","403","111.6.226.171","2020年9月23日 21:27"
"606","https://appdl.lenovo.com.cn","获取失败","Tengine","获取失败","403","111.6.226.171","2020年9月23日 21:26"
"604","http://serviceshop.lenovo.com.cn","获取失败","Microsoft-IIS/10.0","ASP.NET","200","43.255.226.120","2020年9月23日 21:23"
"603","https://serviceshop.lenovo.com.cn","联想服务与支持","Microsoft-IIS/10.0","ASP.NET","200","43.255.226.120","2020年9月23日 21:23"
"601","http://serviceboss.lenovo.com.cn","获取失败","nginx","PHP/5.6.40","404","43.255.226.122","2020年9月23日 21:19"
"600","https://serviceboss.lenovo.com.cn","获取失败","nginx","PHP/5.6.40","404","43.255.226.122","2020年9月23日 21:18"
"599","https://testcube.lenovo.com.cn","魔方","openresty","获取失败","200","43.255.224.89","2020年9月23日 21:18"
"598","https://log.lenovo.com.cn","Lenovo","Microsoft-IIS/10.0","ASP.NET","200","43.255.226.122","2020年9月23日 21:18"
"597","https://play.lenovo.com","获取失败","获取失败","获取失败","403","127.0.0.1","2020年9月23日 21:15"
"596","https://thinkcloud.lenovo.com","ThinkCloud混合云","nginx/1.19.0","获取失败","200","120.133.15.5","2020年9月23日 21:14"
"594","http://gamedown.vgs.lenovo.com.cn","获取失败","AliyunOSS","获取失败","403","36.170.41.253","2020年9月23日 21:11"
"593","https://open.vgs.lenovo.com.cn","首页","获取失败","ThinkPHP","200","47.95.178.31","2020年9月23日 21:11"
"592","http://cp.vgs.lenovo.com.cn","获取失败","获取失败","获取失败","404","47.95.178.31","2020年9月23日 21:11"
"591","https://m.b2b.lenovo.com.cn","联想商用-商用笔记本\,商用台式机\,数据中心产品及解决方案\,扬天-联想商用官网","Tengine","ThinkPHP","200","117.187.146.244","2020年9月23日 21:11"
"590","http://gamecent-dev.vgs.lenovo.com.cn","游戏中心","获取失败","获取失败","200","47.95.178.31","2020年9月23日 21:11"
"589","http://open.vgs.lenovo.com.cn","首页","获取失败","ThinkPHP","200","47.95.178.31","2020年9月23日 21:10"
"588","http://vip.vgs.lenovo.com.cn","VIP中心","获取失败","获取失败","200","47.95.178.31","2020年9月23日 21:10"
"587","https://ldc-fast.lenovo.com","获取失败","获取失败","获取失败","403","127.0.0.1","2020年9月23日 21:06"
"586","https://www.lenovo.com","获取失败","Cdn Cache Server V2.0","获取失败","200","104.69.155.3","2020年9月23日 20:58"
"584","https://canada.lenovo.com","Site canadien officiel de Lenovo | Portables\, ordinateurs\, tablettes et centre de données | Lenovo Canada","nginx","获取失败","200","104.84.194.49","2020年9月23日 20:58"
"582","https://rental.lenovo.com","获取失败","获取失败","获取失败","403","127.0.0.1","2020年9月23日 20:58"
"581","https://events.lenovo.com_","获取失败","获取失败","获取失败","403","127.0.0.1","2020年9月23日 20:58"
"580","https://www.futurecenter.lenovo.com","联想未来中心","nginx","获取失败","200","43.255.226.202","2020年9月23日 20:58"
"579","https://events.lenovo.com_null","获取失败","获取失败","获取失败","403","127.0.0.1","2020年9月23日 20:58"
"578","https://www.futurecenter.lenovo.com_","获取失败","获取失败","获取失败","403","127.0.0.1","2020年9月23日 20:58"
"577","https://news.lenovo.com","Welcome to Lenovo StoryHub | Lenovo StoryHub","Apache","获取失败","200","107.20.186.84","2020年9月23日 20:58"
"574","https://dcg.lenovo.com","获取失败","获取失败","获取失败","403","127.0.0.1","2020年9月23日 20:58"
"573","https://events.lenovo.com","一起联想，锐意智变 | 联想一站式智能化变革市场活动官方网站","nginx","Express","200","120.237.254.128","2020年9月23日 20:58"
"571","https://www.futurecenter.lenovo.com_null","获取失败","获取失败","获取失败","403","127.0.0.1","2020年9月23日 20:58"
"570","http://dibg.lenovo.com.cn","物联网_人工智能_数字化转型咨询_行业智能_联想数据智能","openresty/1.13.6.1","获取失败","200","223.202.108.76","2020年9月23日 20:55"
"567","http://captcha.lenovo.com.cn","Welcome to OpenResty!","waf/4.23.1-3.el6","获取失败","200","117.174.176.252","2020年9月23日 20:54"
"566","https://cube-resources.lenovo.com.cn","获取失败","Tengine","获取失败","200","117.157.250.238","2020年9月23日 20:54"
"565","http://papi.lenovo.com.cn","403 Forbidden","waf/4.23.1-3.el6","获取失败","403","117.174.176.252","2020年9月23日 20:53"
"564","http://e.b2b.lenovo.com.cn","联想商用官网-商用笔记本_台式机_服务器_商用电脑报价","获取失败","获取失败","200","59.110.146.43","2020年9月23日 20:53"
"563","http://promotion.lenovo.com.cn","获取失败","waf/4.23.1-3.el6","获取失败","404","117.174.176.252","2020年9月23日 20:52"
"561","https://smb.lenovo.com","联想百应商城","获取失败","获取失败","200","39.102.31.63","2020年9月23日 20:52"
"560","https://b2b.lenovo.com","获取失败","获取失败","获取失败","403","127.0.0.1","2020年9月23日 20:52"
"559","https://vip.lenovo.com","获取失败","获取失败","获取失败","403","127.0.0.1","2020年9月23日 20:52"
"556","http://www.ms.lenovo.com","获取失败","nginx","获取失败","200","123.125.148.46","2020年9月23日 20:52"
"553","https://investor.lenovo.com","Investor Relations | Lenovo","获取失败","获取失败","200","47.52.81.239","2020年9月23日 20:52"
"552","https://raise.lenovo.com","获取失败","获取失败","获取失败","403","127.0.0.1","2020年9月23日 20:52"
"551","https://b2bservice.lenovo.com.cn","联想云领，推动和成就您的智能化变革","nginx","获取失败","200","43.255.226.57","2020年9月23日 20:51"
"550","https://raise.lenovo.com.cn","联想众筹_互联网众筹平台_电脑新品众筹_联想商城","waf/4.23.1-3.el6","获取失败","200","117.174.176.252","2020年9月23日 20:51"
"549","http://b2bservice.lenovo.com.cn","联想云领，推动和成就您的智能化变革","nginx","获取失败","200","43.255.226.57","2020年9月23日 20:50"
"548","https://api.scrm.lenovo.com.cn","403 Forbidden","获取失败","获取失败","403","59.110.126.82","2020年9月23日 20:50"
"541","https://mecai.lenovo.com.cn","联想电脑采购_笔记本采购_大客户专属采购服务平台-联想E采","earth","Next.js","200","146.196.114.128","2020年9月23日 20:47"
"540","https://mvip.lenovo.com.cn","联想电脑采购_笔记本采购_大客户专属采购服务平台-联想E采","获取失败","获取失败","200","146.196.114.167","2020年9月23日 20:47"
"537","http://servicecms.lenovo.com.cn","联想运营管理后台","nginx","获取失败","200","43.255.226.57","2020年9月23日 20:46"
"535","http://jydx.lenovo.com.cn","","nginx/1.16.1","获取失败","200","47.94.229.24","2020年9月23日 20:46"
"534","https://lgc.lenovo.com.cn","联想校园商城","获取失败","获取失败","200","221.122.108.121","2020年9月23日 20:46"
"533","https://jydx.lenovo.com.cn","","nginx/1.16.1","获取失败","200","47.94.229.24","2020年9月23日 20:46"
"531","http://research.lenovo.com","联想研究院","nginx/1.11.5","获取失败","200","115.28.113.126","2020年9月23日 20:43"
"529","http://capital.lenovo.com","Lenovo Capital","Apache","PHP/7.1.13","200","139.217.23.167","2020年9月23日 20:43"
"527","https://anls.lenovo.com.cn","403 Forbidden","openresty/1.9.7.2","获取失败","403","43.255.224.79","2020年9月23日 20:43"
"526","https://mdcg.lenovo.com.cn","联想数据中心","waf/4.23.1-3.el6","获取失败","200","117.174.176.252","2020年9月23日 20:41"
"525","https://clientcdn.vgs.lenovo.com.cn","获取失败","AliyunOSS","获取失败","403","111.13.210.12","2020年9月23日 20:39"
"524","http://clientcdn.vgs.lenovo.com.cn","获取失败","AliyunOSS","获取失败","403","111.13.210.12","2020年9月23日 20:39"
"523","http://dev.wx.lenovo.com.cn","403 Forbidden","nginx/1.13.4","获取失败","403","124.127.255.33","2020年9月23日 20:39"
"522","http://upload.wx.lenovo.com.cn","获取失败","AliyunOSS","获取失败","403","47.110.177.73","2020年9月23日 20:39"
"521","http://test.wx.lenovo.com.cn","403 Forbidden","nginx","获取失败","403","47.97.212.11","2020年9月23日 20:39"
"520","http://static.wx.lenovo.com.cn","Document","Tengine","获取失败","200","111.19.241.239","2020年9月23日 20:39"
"519","http://cas.wx.lenovo.com.cn","Welcome to nginx!","nginx/1.12.2","获取失败","200","47.98.45.123","2020年9月23日 20:38"
"518","https://asp.atlenovo.com","Document","Tengine","获取失败","200","112.19.0.229","2020年9月23日 20:38"
"517","https://box.lenovo.com","Filez-联想企业网盘_文件实时共享_企业云盘_跨国传输_高效协作云盘","nginx","LENOVO.CLOUD","200","47.93.93.210","2020年9月23日 20:38"
"516","https://servicesurvey.lenovo.com.cn","联想用户调研平台 加载中","nginx","获取失败","200","43.255.226.57","2020年9月23日 20:38"
"515","https://www.cube.lenovo.com","联想智慧客服魔方","openresty/1.15.8.2","获取失败","200","58.215.167.11","2020年9月23日 20:38"
"514","https://pcmgr.lenovo.com.cn","联想电脑管家_联想管家_电脑管家_驱动管理_网络检测_垃圾清理_硬件信息_客户服务_弹窗拦截_联想客服-联想电脑管家官网","Tengine","获取失败","200","111.6.226.171","2020年9月23日 20:38"
"513","http://smarttv.lenovo.com.cn","联想智能电视服务频道-联想中国(Lenovo China)_服务频道","Microsoft-IIS/10.0","ASP.NET","200","43.255.226.122","2020年9月23日 20:37"
"512","http://servicesurvey.lenovo.com.cn","联想用户调研平台 加载中","nginx","获取失败","200","43.255.226.57","2020年9月23日 20:37"
"509","https://m.b2b.lenovo.com","获取失败","获取失败","获取失败","403","127.0.0.1","2020年9月23日 20:36"
"505","https://cas.wx.lenovo.com","Welcome to nginx!","nginx/1.12.2","获取失败","200","47.98.45.123","2020年9月23日 20:36"
"490","https://newsupporttest.lenovo.com.cn","Lenovo联想售后客户服务中心\,提供驱动下载\,配置查询\,保修服务-联想服务","nginx","获取失败","200","146.196.114.215","2020年9月23日 20:35"
"489","https://activity.lenovo.com","获取失败","获取失败","获取失败","403","127.0.0.1","2020年9月23日 20:32"
"488","http://robotbd.lenovo.com.cn","Error 403 FORBIDDEN","nginx","获取失败","403","43.255.226.57","2020年9月23日 20:31"
"480","https://okr.lenovo.com","获取失败","获取失败","获取失败","403","127.0.0.1","2020年9月23日 20:27"
"479","https://guanjia.lenovo.com","获取失败","获取失败","获取失败","403","127.0.0.1","2020年9月23日 20:27"
"473","https://securitylab.lenovo.com","获取失败","获取失败","获取失败","403","127.0.0.1","2020年9月23日 20:27"
"465","https://jiazhipc.lenovo.com","获取失败","获取失败","获取失败","403","127.0.0.1","2020年9月23日 20:27"
"459","https://jzhapp.lenovo.com.cn","249","获取失败","获取失败","200","39.105.225.96","2020年9月23日 20:27"
"456","https://mactivity.lenovo.com","获取失败","获取失败","获取失败","403","127.0.0.1","2020年9月23日 20:24"
"454","https://bm.lenovo.com","获取失败","获取失败","获取失败","403","127.0.0.1","2020年9月23日 20:24"
"453","https://mmall.lenovo.com","获取失败","获取失败","获取失败","403","127.0.0.1","2020年9月23日 20:24"
"450","https://mitem.lenovo.com.cn","403 Forbidden","waf/4.23.1-3.el6","获取失败","403","117.174.147.65","2020年9月23日 20:24"
"449","http://pitf-dev.vgs.lenovo.com.cn","获取失败","获取失败","PHP/7.0.33","404","47.95.178.31","2020年9月23日 20:23"
"447","http://play.lenovo.com.cn","联想游戏-联想网页游戏平台-play.lenovo.com.cn","openresty","获取失败","200","47.95.65.78","2020年9月23日 20:23"
"445","https://vip.vgs.lenovo.com.cn","VIP中心","获取失败","获取失败","200","47.95.178.31","2020年9月23日 20:23"
"444","https://pitf.vgs.lenovo.com.cn","获取失败","获取失败","获取失败","404","47.95.178.31","2020年9月23日 20:23"
"443","https://pitf-dev.vgs.lenovo.com.cn","获取失败","获取失败","PHP/7.0.33","404","47.95.178.31","2020年9月23日 20:23"
"442","https://play2-dev.vgs.lenovo.com.cn","联想游戏-联想网页游戏平台-play.lenovo.com.cn","获取失败","获取失败","200","47.95.178.31","2020年9月23日 20:23"
"441","http://play2-dev.vgs.lenovo.com.cn","联想游戏-联想网页游戏平台-play.lenovo.com.cn","获取失败","获取失败","200","47.95.178.31","2020年9月23日 20:22"
"440","http://pitf.vgs.lenovo.com.cn","获取失败","获取失败","获取失败","404","47.95.178.31","2020年9月23日 20:22"
"439","https://x.lenovo.com.cn","联想智能机器人小乐","获取失败","获取失败","200","43.255.226.57","2020年9月23日 20:22"
"438","https://cp.vgs.lenovo.com.cn","获取失败","获取失败","获取失败","404","47.95.178.31","2020年9月23日 20:22"
"437","https://robotbd.lenovo.com.cn","Error 403 FORBIDDEN","nginx","获取失败","403","43.255.226.57","2020年9月23日 20:22"
"436","https://driverdl.lenovo.com.cn","获取失败","openresty","获取失败","404","111.12.146.188","2020年9月23日 20:22"
"435","https://ask.lenovo.com.cn","Lenovo","Microsoft-IIS/10.0","ASP.NET","200","43.255.226.122","2020年9月23日 20:22"
"434","https://mclub.lenovo.com","获取失败","获取失败","获取失败","403","127.0.0.1","2020年9月23日 20:20"
"433","https://pcs1.clubstatic.lenovo.com.cn","Lenovo Static Resource Server 1","nginx","获取失败","200","117.174.177.114","2020年9月23日 20:20"
"428","http://driverdl.lenovo.com.cn","获取失败","openresty","获取失败","404","117.157.248.237","2020年9月23日 20:15"
"427","https://dsp.lenovo.com.cn","获取失败","获取失败","获取失败","200","39.103.13.33","2020年9月23日 20:13"
"426","https://smartdl.lenovo.com.cn","获取失败","Tengine","获取失败","403","111.6.226.171","2020年9月23日 20:12"
"424","https://mbrand.lenovo.com","获取失败","获取失败","获取失败","403","127.0.0.1","2020年9月23日 20:12"
"423","https://btcp.lenovo.com.cn","502 Bad Gateway","nginx","获取失败","502","43.255.227.15","2020年9月23日 20:12"
"422","https://mactivity.lenovo.com.cn","403 Forbidden","waf/4.23.1-3.el6","获取失败","403","117.174.147.65","2020年9月23日 20:12"
"418","https://lecloud.lenovo.com","联想乐云-随时随地数据随行","获取失败","Express","200","39.102.42.211","2020年9月23日 20:09"
"415","http://robotrs.lenovo.com.cn","获取失败","nginx","获取失败","200","43.255.226.81","2020年9月23日 20:08"
"409","https://pccss1.clubstatic.lenovo.com.cn","Lenovo Static Resource Server 1","nginx","获取失败","200","183.220.150.152","2020年9月23日 20:07"
"408","https://b.lenovo.com","获取失败","获取失败","获取失败","403","127.0.0.1","2020年9月23日 20:04"
"405","https://item.lenovo.com","获取失败","获取失败","获取失败","403","127.0.0.1","2020年9月23日 20:04"
"404","https://lecs.lenovo.com","获取失败","获取失败","获取失败","403","127.0.0.1","2020年9月23日 20:04"
"403","https://tk.lenovo.com","获取失败","获取失败","获取失败","403","127.0.0.1","2020年9月23日 20:04"
"402","https://c.lenovo.com","获取失败","获取失败","获取失败","403","127.0.0.1","2020年9月23日 20:04"
"401","https://thinkpad.lenovo.com","获取失败","获取失败","获取失败","403","127.0.0.1","2020年9月23日 20:04"
"400","https://papi.lenovo.com.cn","403 Forbidden","waf/4.23.1-3.el6","获取失败","403","117.174.176.252","2020年9月23日 20:04"
"399","https://captcha.lenovo.com.cn","Welcome to OpenResty!","waf/4.23.1-3.el6","获取失败","200","117.174.176.252","2020年9月23日 20:04"
"398","https://c.lenovo.com.cn","联想商城 - 页面没有找到","waf/4.23.1-3.el6","获取失败","404","117.174.176.252","2020年9月23日 20:03"
"397","https://promotion.lenovo.com.cn","获取失败","waf/4.23.1-3.el6","获取失败","404","117.174.176.252","2020年9月23日 20:03"
"395","https://brand.lenovo.com","获取失败","获取失败","获取失败","403","127.0.0.1","2020年9月23日 19:59"
"394","https://reg.lenovo.com","Apache Tomcat/7.0.85 - Error report","waf/4.23.1-3.el6","获取失败","404","117.174.176.252","2020年9月23日 19:59"
"393","https://mall.club.lenovo.com","获取失败","获取失败","获取失败","403","127.0.0.1","2020年9月23日 19:59"
"392","https://buy.lenovo.com","获取失败","获取失败","获取失败","403","127.0.0.1","2020年9月23日 19:59"
"391","https://newsupport.lenovo.com","获取失败","获取失败","获取失败","403","127.0.0.1","2020年9月23日 19:59"
"390","https://club.lenovo.com","获取失败","获取失败","获取失败","403","127.0.0.1","2020年9月23日 19:59"
"389","https://img2cdn.clubstatic.lenovo.com.cn","获取失败","nginx/1.10.1","获取失败","200","183.220.150.152","2020年9月23日 19:59"
"388","https://img0.cdn.clubjs.lenovo.com.cn","403 Forbidden","nginx/1.8.0","获取失败","403","183.222.99.94","2020年9月23日 19:59"
"387","http://www.lenovo.com.cn","获取失败","Cdn Cache Server V2.0","获取失败","200","117.174.176.252","2020年9月23日 19:59"
"386","https://buy.lenovo.com.cn","联想商城 - 购物车","waf/4.23.1-3.el6","获取失败","200","58.222.41.170","2020年9月23日 19:59"
"385","http://clubimg.lenovo.com.cn","获取失败","获取失败","获取失败","200","183.222.99.94","2020年9月23日 19:58"
"384","https://mbuy.lenovo.com.cn","购物车","waf/4.23.1-3.el6","获取失败","200","58.220.70.95","2020年9月23日 19:58"
"383","https://pcjs1.clubstatic.lenovo.com.cn","Lenovo Static Resource Server 1","nginx","获取失败","200","183.222.99.94","2020年9月23日 19:58"
"382","https://js1cdn.clubstatic.lenovo.com.cn","403 Forbidden","nginx/1.8.0","获取失败","403","183.220.150.152","2020年9月23日 19:58"
"381","http://img0.cdn.clubjs.lenovo.com.cn","403 Forbidden","nginx/1.8.0","获取失败","403","183.222.99.94","2020年9月23日 19:57"
"380","https://passport.lenovo.com","Homepage","nginx","获取失败","200","43.255.227.58","2020年9月23日 19:57"
"379","http://passport.lenovo.com.cn","403 Forbidden","nginx","获取失败","403","43.255.227.60","2020年9月23日 19:57"
"378","https://cuiapi.lenovo.com.cn","获取失败","获取失败","获取失败","403","47.95.96.14","2020年9月23日 19:55"
"376","http://365.lenovo.com","联想IT专家","openresty/1.9.3.1","获取失败","200","43.255.226.109","2020年9月23日 19:55"
"374","https://smart.lenovo.com.cn","404","获取失败","获取失败","404","47.95.71.249","2020年9月23日 19:55"
"373","https://pvtcuiapi.lenovo.com.cn","获取失败","获取失败","获取失败","403","47.95.96.41","2020年9月23日 19:55"
"372","https://cmsdev.lenovo.com.cn","404","获取失败","获取失败","404","39.105.123.68","2020年9月23日 19:55"
"371","https://sc-front-dev.earth.xpaas.lenovo.com","获取失败","获取失败","获取失败","403","127.0.0.1","2020年9月23日 19:52"
"370","https://click.lenovo.com.cn","New Document","nginx/1.6.0","获取失败","200","42.159.123.65","2020年9月23日 19:52"
"369","https://devcube.lenovo.com.cn","魔方","nginx","获取失败","200","43.255.224.89","2020年9月23日 19:52"
"368","https://sc-tst.lenovo.com.cn","","earth","获取失败","200","146.196.114.128","2020年9月23日 19:52"
"366","https://showcdn.lenovo.com.cn","想秀资讯","Tengine","获取失败","200","111.51.69.241","2020年9月23日 19:50"
"363","https://www.aiot.lenovo.com.cn:8090","获取失败","nginx","获取失败","404","139.217.113.254","2020年9月23日 19:49"
"360","https://support.lenovo.com","Home - Global Support - Lenovo Support US","获取失败","获取失败","200","27.151.12.43","2020年9月23日 19:48"
"358","https://datacentersupport.lenovo.com","Home - Data Center Support - Lenovo Support CN","获取失败","获取失败","200","27.151.12.43","2020年9月23日 19:48"
"253","https://office365.lenovo.com.cn","Laravel","nginx","PHP/7.2.16","200","43.255.226.122","2020年9月23日 18:28"
"251","https://rental.lenovo.com.cn","联想租赁商城","获取失败","ASP.NET","200","60.205.211.164","2020年9月23日 18:28"
"250","https://crm.lenovo.com.cn","CRM","openresty","获取失败","200","43.255.226.57","2020年9月23日 18:28"
"249","https://activity.lenovo.com.cn","403 Forbidden","waf/4.23.1-3.el6","获取失败","403","117.174.147.65","2020年9月23日 18:28"
"248","http://newsupport.lenovo.com.cn","Lenovo联想售后客户服务中心\,提供驱动下载\,配置查询\,保修服务-联想服务","nginx","获取失败","200","43.255.226.57","2020年9月23日 18:28"
"247","http://natapps.lenovo.com.cn","lenovoApps","获取失败","Express","200","47.95.137.211","2020年9月23日 18:28"
"245","http://ideaservice.lenovo.com.cn","联想服务官网\,联想手机服务-联想移动互联及数字家庭产品服务支持","","ASP.NET","200","59.61.88.218","2020年9月23日 18:28"
"243","https://lelink.lenovo.com.cn","【联想看家宝】高清摄像头_高清网络摄像头_云录像服务_动态捕捉","获取失败","获取失败","200","47.114.105.77","2020年9月23日 18:27"
"242","http://user.lenovo.com.cn","获取失败","nginx","PHP/5.6.40","200","43.255.226.57","2020年9月23日 18:27"
"241","https://dibg.lenovo.com.cn","物联网_人工智能_数字化转型咨询_行业智能_联想数据智能","openresty/1.13.6.1","获取失败","200","223.202.108.76","2020年9月23日 18:27"
"240","http://servicekb.lenovo.com.cn","Lenovo Service Login","Microsoft-IIS/7.5","ASP.NET","200","43.255.226.126","2020年9月23日 18:27"
"239","https://mbrand.lenovo.com.cn","品牌首页","Tengine","获取失败","200","117.174.180.110","2020年9月23日 18:27"
"238","https://cube.lenovo.com.cn","魔方","nginx","获取失败","200","43.255.226.122","2020年9月23日 18:27"
"237","https://sta.vgs.lenovo.com.cn","联想视频·静态入口","JSP3/2.0.14","获取失败","200","183.220.151.41","2020年9月23日 18:27"
"236","https://lecs.lenovo.com.cn","联想在线客服首页","nginx","获取失败","200","43.255.225.245","2020年9月23日 18:26"
"235","http://service.lenovo.com.cn","联想服务与支持","Microsoft-IIS/10.0","ASP.NET","200","43.255.226.120","2020年9月23日 18:26"
"234","http://srv.shop.17.lenovo.com.cn","资源未找到","Tengine","获取失败","404","43.255.225.247","2020年9月23日 18:26"
"233","https://365.lenovo.com.cn","联想IT专家","openresty/1.9.3.1","获取失败","200","43.255.226.109","2020年9月23日 18:26"
"232","https://dcg.lenovo.com.cn","联想数据中心","waf/4.23.1-3.el6","获取失败","200","117.174.176.252","2020年9月23日 18:26"
"231","http://chat.lenovo.com.cn","Lenovo Chat Service","nginx","PHP/5.6.40","200","43.255.226.122","2020年9月23日 18:26"
"230","http://ptstpd.lenovo.com.cn","TPD QuickFix工具中心","nginx","获取失败","200","43.255.226.57","2020年9月23日 18:26"
"229","https://b2b.lenovo.com.cn","联想商用官网-商用笔记本_台式机_服务器_商用电脑报价","Tengine","获取失败","200","111.19.233.244","2020年9月23日 18:26"
"228","http://wwme.lenovo.com.cn","获取失败","Apache/2.4.29 (Win64) mod_evasive2/1.10.2","获取失败","200","110.87.96.77","2020年9月23日 18:26"
"227","http://game.lenovo.com.cn","T-GAME游戏官网 - T-GAME游戏中心 - 游戏平台 - 游戏礼包 - 免费游戏|精品游戏|手游模拟器|游戏加速|游戏赛事|游戏礼包|游戏开服|游戏攻略|游戏大全","openresty","获取失败","200","47.95.65.78","2020年9月23日 18:25"
"226","http://sta.vgs.lenovo.com.cn","联想视频·静态入口","JSP3/2.0.14","获取失败","200","183.220.151.41","2020年9月23日 18:25"
"225","https://webdoc.lenovo.com.cn","Lenovo","Tengine","获取失败","200","111.10.61.231","2020年9月23日 18:25"
"224","https://okr.lenovo.com.cn","联想原厂系统镜像","Tengine","获取失败","200","120.233.42.243","2020年9月23日 18:25"
"223","https://srv.lenovo.com.cn","联想商城 - 页面没有找到","Tengine","获取失败","404","43.255.225.247","2020年9月23日 18:25"
"222","https://baidu.lenovo.com.cn","极速搜索--极速上网 一站必达","获取失败","获取失败","200","47.95.0.66","2020年9月23日 18:25"
"221","http://clk.lenovo.com.cn","获取失败","获取失败","获取失败","200","39.103.13.33","2020年9月23日 18:25"
"220","http://click.lenovo.com.cn","New Document","nginx/1.6.0","获取失败","200","42.159.123.65","2020年9月23日 18:25"
"219","https://li.lenovo.com.cn","联想供应链智能服务","earth","获取失败","200","43.255.226.169","2020年9月23日 18:25"
"218","http://x.lenovo.com.cn","联想智能机器人小乐","获取失败","获取失败","200","43.255.226.57","2020年9月23日 18:25"
"211","https://thinkpad.lenovo.com.cn","ThinkPad小黑本_ThinkPad X1 Carbon_S2_S3笔记本_ThinkPad官网","waf/4.23.1-3.el6","获取失败","200","117.174.176.252","2020年9月23日 18:24"
"209","https://mall.lenovo.com.cn","联想经销商查询_联想线下服务网点门店_联想售后网点_联网官网","waf/4.23.1-3.el6","获取失败","200","117.174.176.252","2020年9月23日 18:24"
"208","https://sscm.lenovo.com.cn","Service Supply Chain Management","nginx/1.15.12","获取失败","200","43.255.226.122","2020年9月23日 18:24"
"207","https://srmcn.lenovo.com.cn","Logon - Welcome To Lenovo Supplier Self-Service","获取失败","获取失败","200","43.255.226.181","2020年9月23日 18:24"
"206","https://brand.lenovo.com.cn","联想品牌官网_集团简介_媒体资讯_联想公益活动","Tengine","获取失败","200","117.172.21.53","2020年9月23日 18:24"
"205","https://imccdev.lenovo.com.cn","CUBE","openresty","获取失败","200","43.255.224.90","2020年9月23日 18:24"
"204","https://lexue.lenovo.com.cn","联想乐学微信","Caddy","Express","200","47.110.64.11","2020年9月23日 18:24"
"203","http://thinkpad.lenovo.com.cn","ThinkPad小黑本_ThinkPad X1 Carbon_S2_S3笔记本_ThinkPad官网","waf/4.23.1-3.el6","获取失败","200","117.174.176.252","2020年9月23日 18:24"
"202","http://b2badmin.lenovo.com.cn","联想商用官网","获取失败","ThinkPHP","200","59.110.146.43","2020年9月23日 18:24"
"201","https://ldc-fast.lenovo.com.cn","获取失败","Tengine","获取失败","403","111.10.47.198","2020年9月23日 18:23"
"200","http://ec1.lenovo.com.cn","Application Server Error","获取失败","获取失败","403","43.255.226.18","2020年9月23日 18:23"
"199","http://b2b.lenovo.com.cn","联想商用官网-商用笔记本_台式机_服务器_商用电脑报价","Tengine","获取失败","200","111.10.46.241","2020年9月23日 18:23"
"198","https://storefront.lenovo.com.cn","店面建设管理系统","Microsoft-IIS/8.5","ASP.NET","200","43.255.226.197","2020年9月23日 18:23"
"197","https://servicecms.lenovo.com.cn","联想运营管理后台","nginx","获取失败","200","43.255.226.57","2020年9月23日 18:23"
"196","https://vip.lenovo.com.cn","联想电脑采购_笔记本采购_大客户专属采购服务平台-联想E采","earth","获取失败","200","146.196.114.128","2020年9月23日 18:23"
"195","http://lgc.lenovo.com.cn","联想校园商城","获取失败","获取失败","200","221.122.108.121","2020年9月23日 18:23"
"194","http://ask.lenovo.com.cn","Lenovo","Microsoft-IIS/10.0","ASP.NET","200","43.255.226.122","2020年9月23日 18:23"
"193","http://eic.lenovo.com.cn","联想企业级创新中心","Apache/2.4.39 (Unix)","获取失败","200","43.255.226.222","2020年9月23日 18:22"
"192","https://b.lenovo.com.cn","企业购","Tengine","获取失败","200","117.174.147.65","2020年9月23日 18:22"
"191","https://m.lenovo.com.cn","联想lenovo笔记本电脑_平板电脑_手机_台式机_服务器_外设数码_联想官网","waf/4.23.1-3.el6","获取失败","200","117.174.176.252","2020年9月23日 18:22"
"190","https://support.lenovo.com.cn","联想服务与支持","Tengine","ASP.NET","200","111.10.61.229","2020年9月23日 18:22"
"189","https://leplayer.lenovo.com.cn","下载-联想视频","获取失败","获取失败","200","47.95.65.78","2020年9月23日 18:22"
"188","https://privacy.lenovo.com.cn","联想全球安全实验室","Apache","获取失败","200","43.255.226.21","2020年9月23日 18:22"
"187","https://wx.lenovo.com.cn","魔方客服授权平台","openresty/1.15.8.2","PHP/7.1.32","200","58.215.167.11","2020年9月23日 18:22"
"186","http://m.b2b.lenovo.com.cn","联想商用-商用笔记本\,商用台式机\,数据中心产品及解决方案\,扬天-联想商用官网","Tengine","ThinkPHP","200","111.19.233.244","2020年9月23日 18:22"
"185","https://browser.lenovo.com.cn","联想浏览器","获取失败","获取失败","200","39.96.108.188","2020年9月23日 18:21"
"184","https://newsupport.lenovo.com.cn","Lenovo联想售后客户服务中心\,提供驱动下载\,配置查询\,保修服务-联想服务","nginx","获取失败","200","43.255.226.57","2020年9月23日 18:21"
"183","http://idata.lenovo.com.cn","联想报表管理平台","nginx","获取失败","200","43.255.226.130","2020年9月23日 18:21"
"182","https://i.lenovo.com.cn","联想会员中心","waf/4.23.1-3.el6","获取失败","200","117.174.176.252","2020年9月23日 18:21"
"181","https://talent.lenovo.com.cn","联想校园招聘","Tengine/2.1.2","PHP/7.0.31","200","139.217.22.157","2020年9月23日 18:21"
"180","http://iknow.lenovo.com.cn","联想中国(Lenovo China)联想知识库","nginx","ThinkPHP","200","43.255.226.57","2020年9月23日 18:21"
"179","https://sdibak.lenovo.com.cn","","Microsoft-IIS/8.5","ASP.NET","200","43.255.226.134","2020年9月23日 18:21"
"178","https://s.lenovo.com.cn","个人&amp;家庭产品_联想商城","waf/4.23.1-3.el6","获取失败","200","117.174.176.252","2020年9月23日 18:21"
"177","https://open.lenovo.com.cn","GROGES控制台","waf/4.23.1-3.el6","获取失败","200","117.174.176.252","2020年9月23日 18:20"
"176","https://siotapp.lenovo.com.cn","Octopus Admin login","获取失败","获取失败","200","39.97.21.211","2020年9月23日 18:20"
"175","https://guanjia.lenovo.com.cn","联想电脑管家_联想管家_电脑管家_驱动管理_网络检测_垃圾清理_硬件信息_客户服务_弹窗拦截_联想客服-联想电脑管家官网","openresty","获取失败","200","112.19.12.15","2020年9月23日 18:20"
"174","http://jiazhipc.lenovo.com.cn","价值汇","nginx/1.12.1","PHP/5.6.36","200","39.105.219.72","2020年9月23日 18:20"
"173","https://suoping.lenovo.com.cn","电脑壁纸_精美壁纸_锁屏壁纸_电脑锁屏-联想锁屏官网","Tengine","获取失败","200","112.18.202.228","2020年9月23日 18:20"
"172","https://play.lenovo.com.cn","联想游戏-联想网页游戏平台-play.lenovo.com.cn","获取失败","获取失败","200","47.95.65.78","2020年9月23日 18:20"
"171","https://bm.lenovo.com.cn","企业购","Tengine","获取失败","200","117.174.147.65","2020年9月23日 18:20"
"170","https://iknow.lenovo.com.cn","联想中国(Lenovo China)联想知识库","nginx","ThinkPHP","200","43.255.226.57","2020年9月23日 18:20"
"169","https://passport.lenovo.com.cn","403 Forbidden","nginx","获取失败","403","43.255.227.60","2020年9月23日 18:20"
"168","https://mclub.lenovo.com.cn","联想社区论坛_联想电脑_联想手机_ThinkPad_Motorola-官方论坛","nginx","获取失败","200","42.159.96.48","2020年9月23日 18:19"
"167","http://serviceweixin.lenovo.com.cn","玩机攻略&amp;福利","nginx","获取失败","200","43.255.226.57","2020年9月23日 18:19"
"165","https://nsl.lenovo.com.cn","","获取失败","获取失败","200","39.96.108.188","2020年9月23日 18:19"
"164","http://videoservice.lenovo.com.cn","联想微视频服务首页_联想微视频-联想服务","Microsoft-IIS/8.5","ASP.NET","200","43.255.226.57","2020年9月23日 18:19"
"163","https://item.lenovo.com.cn","403 Forbidden","waf/4.23.1-3.el6","获取失败","403","117.174.147.65","2020年9月23日 18:19"
"162","https://hao.lenovo.com.cn","联想网址导航-安全浏览、极速体验","获取失败","获取失败","200","39.96.108.188","2020年9月23日 18:19"
"160","https://btcportal.lenovo.com.cn","BTCP","nginx","获取失败","200","43.255.227.15","2020年9月23日 18:19"
"159","https://mmall.lenovo.com.cn","联想经销商查询_联想线下服务网点门店_联想售后网点_联网官网","waf/4.23.1-3.el6","获取失败","200","117.174.176.252","2020年9月23日 18:19"
"158","https://ptstpd.lenovo.com.cn","TPD QuickFix工具中心","nginx","获取失败","200","43.255.226.57","2020年9月23日 18:18"
"157","http://mobile.robot.lenovo.com.cn","","nginx","获取失败","200","43.255.226.122","2020年9月23日 18:18"
"156","https://personalcloud.lenovo.com.cn","联想个人云存储","获取失败","获取失败","200","47.93.131.13","2020年9月23日 18:18"
"155","https://club.lenovo.com.cn","联想社区论坛_联想电脑_联想手机_ThinkPad_Motorola-官方论坛","nginx","获取失败","200","42.159.96.48","2020年9月23日 18:18"
"154","http://crmcn.lenovo.com.cn","Application Server Error","获取失败","获取失败","403","43.255.226.19","2020年9月23日 18:18"
"153","http://newdriverdl.lenovo.com.cn","获取失败","openresty","获取失败","404","218.201.90.135","2020年9月23日 18:18"
"152","https://think.lenovo.com.cn","联想服务与支持","Tengine","ASP.NET","200","111.10.61.230","2020年9月23日 18:18"
"151","https://gamedown.vgs.lenovo.com.cn","获取失败","Tengine/2.2.3","获取失败","403","36.170.41.251","2020年9月23日 18:18"
"150","https://ips.lenovo.com.cn","IPSSearch登录页","Microsoft-IIS/8.5","ASP.NET","200","43.255.226.122","2020年9月23日 18:17"
"149","https://shop.lenovo.com.cn","商城首页","waf/4.23.1-3.el6","获取失败","200","117.174.176.252","2020年9月23日 18:17"
"148","https://reg.lenovo.com.cn","Document","waf/4.23.1-3.el6","获取失败","404","117.157.238.252","2020年9月23日 18:17"
"147","https://lcse.lenovo.com.cn","服务家园","Microsoft-IIS/10.0","ASP.NET","200","43.255.226.135","2020年9月23日 18:17"
"146","http://robot.lenovo.com.cn","联想智能交互系统","nginx","获取失败","200","43.255.226.122","2020年9月23日 18:17"
"145","https://admin.lenovo.com.cn","获取失败","Tengine","获取失败","200","183.222.101.105","2020年9月23日 18:17"
"144","https://www.lenovo.com.cn","联想_lenovo笔记本电脑_平板电脑_手机_台式机_服务器_外设数码_联想官网","Tengine","获取失败","200","117.174.176.252","2020年9月23日 18:17"
"143","https://mall.club.lenovo.com.cn","联想积分乐园-联想社区","nginx/1.12.2","PHP/5.6.32","200","42.159.28.67","2020年9月23日 18:17"
"142","https://saascdn.lenovo.com.cn","首页","Tengine","获取失败","200","111.6.226.171","2020年9月23日 18:17"
"140","http://365.lenovo.com.cn","联想IT专家","openresty/1.9.3.1","获取失败","200","43.255.226.109","2020年9月23日 18:16"
"139","https://lva.lenovo.com.cn","Lenovo语音","获取失败","获取失败","200","39.107.149.30","2020年9月23日 18:16"
"138","http://e-learning.lenovo.com.cn","欢迎登录 - 联想E学堂","Apache","获取失败","200","101.251.193.107","2020年9月23日 18:16"
"137","https://robot.lenovo.com.cn","联想智能交互系统","nginx","获取失败","200","43.255.226.122","2020年9月23日 18:16"
"136","https://dianping.lenovo.com.cn","联想服务点评","Microsoft-IIS/8.5","获取失败","200","43.255.226.124","2020年9月23日 18:16"
"135","https://scsupport.lenovo.com.cn","","earth","获取失败","200","43.255.226.169","2020年9月23日 18:16"
"134","https://dbx.asp.lenovo.com.cn","工程师代报修系统","获取失败","获取失败","200","47.110.21.12","2020年9月23日 18:16"
"133","https://show.lenovo.com.cn","想秀资讯","获取失败","获取失败","200","47.94.120.88","2020年9月23日 18:16"
"132","http://retail.lenovo.com.cn","Welcome to nginx!","nginx/1.14.2","获取失败","200","146.196.114.133","2020年9月23日 18:15"
"131","https://www.aiot.lenovo.com.cn","精灵谷","nginx/1.16.1","获取失败","200","139.217.113.254","2020年9月23日 18:15"
"130","https://dcgbp.lenovo.com.cn","主页 ⋅ 联想企业科技集团合作伙伴","nginx","获取失败","200","146.196.114.180","2020年9月23日 18:15"
"129","http://prccn.lenovo.com.cn","CN用户登录","Microsoft-IIS/7.5","ASP.NET","200","43.255.226.199","2020年9月23日 18:15"
